family,naive_mae,naive_rmse,xgb_mae,xgb_rmse,mae_improvement_pct,train_rows,test_rows
BEVERAGES,24769.79487179487,36041.257579655525,16901.680195783956,25470.02630756436,31.764956943467716,310,78
GROCERY I,30123.20942307693,40701.74843698949,23769.738581652517,29441.88053709448,21.091613287915848,310,78
PRODUCE,17505.939638095235,29529.200258401248,17466.979720996485,29420.23605906302,0.22255256161153159,251,63
